"0","lazy_results <- do_everything_for_me(gen, coords, envlayers, quiet = FALSE)"
"2","Please be aware: the do_everything functions are meant to be exploratory. We do not recommend their use for final analyses unless certain they are properly parameterized.
"
"2","Found more than one class ""dist"" in cache; using the first, from namespace 'BiocGenerics'
"
"2","Also defined by â€˜spamâ€™
"
"2","Found more than one class ""dist"" in cache; using the first, from namespace 'BiocGenerics'
"
"2","Also defined by â€˜spamâ€™
"
"2","Please be aware: the do_everything functions are meant to be exploratory. We do not recommend their use for final analyses unless certain they are properly parameterized.
"
"2","
Attaching package: â€˜purrrâ€™

"
"2","The following objects are masked from â€˜package:igraphâ€™:

    compose, simplify

"
"1","[using ordinary kriging]
"
"2","CRS do not match
"
"1","[1]"
"1"," 1"
"1","
"
"1","[32m[39m"
"1","
"
"1","[32m                                 .lxk:    [39m"
"1","
"
"1","[32m                                'x0kXXc   [39m"
"1","
"
"1","[32m                             .;dXMMMMMO.  [39m"
"1","
"
"1","[32m                         .,lkXWMMMWNWO'   [39m"
"1","
"
"1","[32m   .;clool:.      ..,clox0NMMMWXXXo[37m\/[32m[39m"
"1","
"
"1","[32m  dXWK[30mxx[32mWKKKxoodkOKNWMMMMMMXO0k[37m\/[32m[39m"
"1","
"
"1","[32m  MM0[30mxx[32m[37mO[32m[30mx[32mMMMMMMMMMMMMMWOdkc[37m\/[32m[39m"
"1","
"
"1","[32m  MMX[30mxxxx[32mMMMMMMMWMXdldkc[37m\/[32m      [1m[31mwingen done![32m          [22m[39m"
"1","
"
"1","[32m  MMMMMMMMMMMN0xooo;[37m\/[32m[39m"
"1","
"
"1","[32m  MMMMMMMMMMWOoc[37m/\ /\ /\ /\ /\ /\ /\ /\ /\[32m[39m"
"1","
"
"1","[32m  MMAPBMMMMMMMMMMEACMMMWWMWWWMIJWWWWWWKXWX[39m"
"1","
"
"1","[32m[34m~~~ [32mWWWWWWWWWWWWWWWWWWWWWWWWWWWWWWWWWWWWW [34m~~~[32m[39m"
"1","
"
"1","[32m[34m ~~~~~~~~~~~~~~~~~~~~~~~~~~~~~~~~~~~~~~~~~~~[32m[39m"
"1","
"
"1","[32m[34m  ~~~~~~~~~~~~~~~~~~~~~~~~~~~~~~~~~~~~~~~~  [32m[39m"
"1","
"
"1","[32m[39m"
"1","
"
"1","== Computing spectral decomposition of graph laplacian matrix"
"1",": done"
"1","
"
"1","==Main loop with "
"1","1"
"1"," threads: "
"1","done"
"1","
"
"1","== Computing spectral decomposition of graph laplacian matrix"
"1",": done"
"1","
"
"1","==Main loop with "
"1","1"
"1"," threads: "
"1","done"
"1","
"
"1","== Computing spectral decomposition of graph laplacian matrix"
"1",": done"
"1","
"
"1","==Main loop with "
"1","1"
"1"," threads: "
"1","done"
"1","
"
"1","== Computing spectral decomposition of graph laplacian matrix"
"1",": done"
"1","
"
"1","==Main loop with "
"1","1"
"1"," threads: "
"1","done"
"1","
"
"1","== Computing spectral decomposition of graph laplacian matrix"
"1",": done"
"1","
"
"1","==Main loop with "
"1","1"
"1"," threads: "
"1","done"
"1","
"
"1","== Computing spectral decomposition of graph laplacian matrix"
"1",": done"
"1","
"
"1","==Main loop with "
"1","1"
"1"," threads: "
"1","done"
"1","
"
"1","== Computing spectral decomposition of graph laplacian matrix"
"1",": done"
"1","
"
"1","==Main loop with "
"1","1"
"1"," threads: "
"1","done"
"1","
"
"1","== Computing spectral decomposition of graph laplacian matrix"
"1",": done"
"1","
"
"1","==Main loop with "
"1","1"
"1"," threads: "
"1","done"
"1","
"
"1","== Computing spectral decomposition of graph laplacian matrix"
"1",": done"
"1","
"
"1","==Main loop with "
"1","1"
"1"," threads: "
"1","done"
"1","
"
"1","== Computing spectral decomposition of graph laplacian matrix"
"1",": done"
"1","
"
"1","==Main loop with "
"1","1"
"1"," threads: "
"1","done"
"1","
"
