"0","# Are there NAs in the data?"
"0","gen[1:5, 1:5]"
"1","      "
"1"," Locus_10"
"1"," Locus_15"
"1"," Locus_22"
"1"," Locus_28"
"1"," Locus_32"
"1","
ALT3  "
"1","        0"
"1","        0"
"1","        0"
"1","        0"
"1","        0"
"1","
BAR360"
"1","        0"
"1","        0"
"1","        0"
"1","       NA"
"1","        0"
"1","
BLL5  "
"1","        0"
"1","       NA"
"1","        0"
"1","        0"
"1","       NA"
"1","
BNT5  "
"1","        0"
"1","        0"
"1","       NA"
"1","       NA"
"1","        0"
"1","
BOF1  "
"1","        0"
"1","       NA"
"1","       NA"
"1","       NA"
"1","       NA"
"1","
"
"0","gen <- simple_impute(gen)"
"0","# Check that NAs are gone"
"0","gen[1:5, 1:5]"
"1","      "
"1"," Locus_10"
"1"," Locus_15"
"1"," Locus_22"
"1"," Locus_28"
"1"," Locus_32"
"1","
ALT3  "
"1","        0"
"1","        0"
"1","        0"
"1","        0"
"1","        0"
"1","
BAR360"
"1","        0"
"1","        0"
"1","        0"
"1","        0"
"1","        0"
"1","
BLL5  "
"1","        0"
"1","        0"
"1","        0"
"1","        0"
"1","        0"
"1","
BNT5  "
"1","        0"
"1","        0"
"1","        0"
"1","        0"
"1","        0"
"1","
BOF1  "
"1","        0"
"1","        0"
"1","        0"
"1","        0"
"1","        0"
"1","
"
